<linker>
	<assembly fullname="Assembly-CSharp">
		<type fullname="Destroyer" preserve="nothing"/>
		<type fullname="EnemyBullet" preserve="nothing"/>
		<type fullname="EnemyCon" preserve="nothing"/>
		<type fullname="EnemyGun" preserve="nothing"/>
		<type fullname="EnemySpawner" preserve="nothing"/>
		<type fullname="GameManger" preserve="nothing"/>
		<type fullname="GameScore" preserve="nothing"/>
		<type fullname="HealthManager" preserve="nothing"/>
		<type fullname="Planet" preserve="nothing"/>
		<type fullname="PlanetContraller" preserve="nothing"/>
		<type fullname="Player" preserve="nothing"/>
		<type fullname="playerBullet" preserve="nothing"/>
		<type fullname="StartGenerator" preserve="nothing"/>
		<type fullname="Starts" preserve="nothing"/>
		<type fullname="TimerCounter" preserve="nothing"/>
	</assembly>
	<assembly fullname="Unity.2D.Animation.Runtime">
		<type fullname="UnityEngine.U2D.Animation.BufferManager" preserve="nothing"/>
		<type fullname="UnityEngine.U2D.Animation.SpriteSkinComposite" preserve="nothing"/>
		<type fullname="UnityEngine.U2D.Animation.SpriteSkinUpdateHelper" preserve="nothing"/>
	</assembly>
	<assembly fullname="Unity.TextMeshPro">
		<type fullname="TMPro.TMP_FontAsset" preserve="nothing"/>
		<type fullname="TMPro.TMP_Settings" preserve="nothing"/>
		<type fullname="TMPro.TMP_SpriteAsset" preserve="nothing"/>
		<type fullname="TMPro.TMP_StyleSheet" preserve="nothing"/>
	</assembly>
	<assembly fullname="UnityEngine">
		<type fullname="UnityEditor.Animations.AnimatorController" preserve="nothing"/>
		<type fullname="UnityEditor.AudioManager" preserve="nothing"/>
		<type fullname="UnityEditor.InputManager" preserve="nothing"/>
		<type fullname="UnityEditor.MonoManager" preserve="nothing"/>
		<type fullname="UnityEditor.MonoScript" preserve="nothing"/>
		<type fullname="UnityEditor.Physics2DSettings" preserve="nothing"/>
		<type fullname="UnityEditor.PhysicsManager" preserve="nothing"/>
		<type fullname="UnityEditor.PlayerSettings" preserve="nothing"/>
		<type fullname="UnityEditor.TagManager" preserve="nothing"/>
		<type fullname="UnityEditor.TimeManager" preserve="nothing"/>
		<type fullname="UnityEditor.VFXManager" preserve="nothing"/>
		<type fullname="UnityEngine.AnimationClip" preserve="nothing"/>
		<type fullname="UnityEngine.Animator" preserve="nothing"/>
		<type fullname="UnityEngine.AudioBehaviour" preserve="nothing"/>
		<type fullname="UnityEngine.AudioClip" preserve="nothing"/>
		<type fullname="UnityEngine.AudioListener" preserve="nothing"/>
		<type fullname="UnityEngine.AudioSource" preserve="nothing"/>
		<type fullname="UnityEngine.Behaviour" preserve="nothing"/>
		<type fullname="UnityEngine.BoxCollider2D" preserve="nothing"/>
		<type fullname="UnityEngine.Camera" preserve="nothing"/>
		<type fullname="UnityEngine.Canvas" preserve="nothing"/>
		<type fullname="UnityEngine.CanvasRenderer" preserve="nothing"/>
		<type fullname="UnityEngine.Collider2D" preserve="nothing"/>
		<type fullname="UnityEngine.Component" preserve="nothing"/>
		<type fullname="UnityEngine.Font" preserve="nothing"/>
		<type fullname="UnityEngine.GameObject" preserve="nothing"/>
		<type fullname="UnityEngine.LightmapSettings" preserve="nothing"/>
		<type fullname="UnityEngine.Material" preserve="nothing"/>
		<type fullname="UnityEngine.MonoBehaviour" preserve="nothing"/>
		<type fullname="UnityEngine.Motion" preserve="nothing"/>
		<type fullname="UnityEngine.Object" preserve="nothing"/>
		<type fullname="UnityEngine.QualitySettings" preserve="nothing"/>
		<type fullname="UnityEngine.RectTransform" preserve="nothing"/>
		<type fullname="UnityEngine.Renderer" preserve="nothing"/>
		<type fullname="UnityEngine.Rendering.GraphicsSettings" preserve="nothing"/>
		<type fullname="UnityEngine.RenderSettings" preserve="nothing"/>
		<type fullname="UnityEngine.Rigidbody2D" preserve="nothing"/>
		<type fullname="UnityEngine.RuntimeAnimatorController" preserve="nothing"/>
		<type fullname="UnityEngine.Shader" preserve="nothing"/>
		<type fullname="UnityEngine.Sprite" preserve="nothing"/>
		<type fullname="UnityEngine.SpriteRenderer" preserve="nothing"/>
		<type fullname="UnityEngine.TextAsset" preserve="nothing"/>
		<type fullname="UnityEngine.Texture" preserve="nothing"/>
		<type fullname="UnityEngine.Texture2D" preserve="nothing"/>
		<type fullname="UnityEngine.Transform" preserve="nothing"/>
	</assembly>
	<assembly fullname="UnityEngine.UI">
		<type fullname="UnityEngine.EventSystems.EventSystem" preserve="nothing"/>
		<type fullname="UnityEngine.EventSystems.StandaloneInputModule" preserve="nothing"/>
		<type fullname="UnityEngine.UI.Button" preserve="nothing"/>
		<type fullname="UnityEngine.UI.CanvasScaler" preserve="nothing"/>
		<type fullname="UnityEngine.UI.GraphicRaycaster" preserve="nothing"/>
		<type fullname="UnityEngine.UI.HorizontalLayoutGroup" preserve="nothing"/>
		<type fullname="UnityEngine.UI.Image" preserve="nothing"/>
		<type fullname="UnityEngine.UI.Text" preserve="nothing"/>
	</assembly>
</linker>
